{
    "gecode": {
        "time": 34,
        "sol": [
            [1],
            [3],
            [4, 7, 2],
            [5],
            [6],
            [8],
            [9],
            [10]
        ],
        "obj": 186,
        "optimal": true
    },
    "chuffed": {
        "time": 23,
        "sol": [
            [1],
            [4],
            [5, 2],
            [6],
            [7],
            [8],
            [9],
            [10, 3]
        ],
        "obj": 186,
        "optimal": true
    }
}
