{
   "1": {
      "time": 0,
      "objective": 14,
      "distance": 27,
      "solution": [
         [
            1,
            3,
            4
         ],
         [
            2,
            5,
            6
         ]
      ],
      "optimal": true
   },
   "2": {
      "time": 0,
      "objective": 14,
      "distance": 27,
      "solution": [
         [
            1,
            3,
            4
         ],
         [
            2,
            5,
            6
         ]
      ],
      "optimal": true
   },
   "3": {
      "time": 0,
      "objective": 14,
      "distance": 27,
      "solution": [
         [
            1,
            3,
            4
         ],
         [
            2,
            5,
            6
         ]
      ],
      "optimal": true
   },
   "4": {
      "time": 0,
      "objective": 14,
      "distance": 28,
      "solution": [
         [
            4,
            1,
            3
         ],
         [
            2,
            5,
            6
         ]
      ],
      "optimal": true
   }
}