{
   "1": {
      "time": 7,
      "objective": 244,
      "distance": 1840,
      "solution": [
         [
            13
         ],
         [
            9
         ],
         [
            7
         ],
         [
            12
         ],
         [
            4
         ],
         [
            6
         ],
         [
            3,
            1,
            5
         ],
         [
            10,
            11
         ],
         [
            2
         ],
         [
            8
         ]
      ],
      "optimal": true
   },
   "2": {
      "time": 300,
      "objective": 244,
      "distance": 1570,
      "solution": [
         [
            8
         ],
         [
            5
         ],
         [
            10
         ],
         [
            6
         ],
         [
            11
         ],
         [
            3
         ],
         [
            4
         ],
         [
            9
         ],
         [
            1,
            2,
            13,
            7
         ],
         [
            12
         ]
      ],
      "optimal": false
   },
   "3": {
      "time": 5,
      "objective": 244,
      "distance": 1596,
      "solution": [
         [
            13
         ],
         [
            7
         ],
         [
            11,
            1,
            2,
            4
         ],
         [
            3
         ],
         [
            8
         ],
         [
            5
         ],
         [
            10
         ],
         [
            12
         ],
         [
            9
         ],
         [
            6
         ]
      ],
      "optimal": true
   },
   "4": {
      "time": 300,
      "objective": 244,
      "distance": 1566,
      "solution": [
         [
            1,
            6
         ],
         [
            2
         ],
         [
            10
         ],
         [
            3
         ],
         [
            4
         ],
         [
            9
         ],
         [
            12
         ],
         [
            5
         ],
         [
            11,
            7,
            13
         ],
         [
            8
         ]
      ],
      "optimal": false
   }
}