{
   "1": {
      "time": 0,
      "objective": 322,
      "distance": 1156,
      "solution": [
         [
            8
         ],
         [
            2
         ],
         [
            3,
            7
         ],
         [
            6
         ],
         [
            1
         ],
         [
            4,
            5
         ]
      ],
      "optimal": true
   },
   "2": {
      "time": 0,
      "objective": 322,
      "distance": 1082,
      "solution": [
         [
            2
         ],
         [
            8
         ],
         [
            4
         ],
         [
            5,
            1
         ],
         [
            3,
            6
         ],
         [
            7
         ]
      ],
      "optimal": true
   },
   "3": {
      "time": 0,
      "objective": 322,
      "distance": 1218,
      "solution": [
         [
            6
         ],
         [
            1,
            7
         ],
         [
            2,
            4
         ],
         [
            8
         ],
         [
            3
         ],
         [
            5
         ]
      ],
      "optimal": true
   },
   "4": {
      "time": 0,
      "objective": 322,
      "distance": 1092,
      "solution": [
         [
            5
         ],
         [
            2
         ],
         [
            3
         ],
         [
            8
         ],
         [
            6
         ],
         [
            7,
            1,
            4
         ]
      ],
      "optimal": true
   }
}