{
   "1": {
      "time": 3,
      "objective": 186,
      "distance": 1097,
      "solution": [
         [
            7
         ],
         [
            6,
            10
         ],
         [
            4,
            2
         ],
         [
            8
         ],
         [
            9
         ],
         [
            5
         ],
         [
            3
         ],
         [
            1
         ]
      ],
      "optimal": true
   },
   "2": {
      "time": 6,
      "objective": 186,
      "distance": 1116,
      "solution": [
         [
            9
         ],
         [
            7
         ],
         [
            4
         ],
         [
            8
         ],
         [
            1
         ],
         [
            3
         ],
         [
            2,
            5
         ],
         [
            10,
            6
         ]
      ],
      "optimal": true
   },
   "3": {
      "time": 3,
      "objective": 186,
      "distance": 1069,
      "solution": [
         [
            7
         ],
         [
            9
         ],
         [
            8
         ],
         [
            3
         ],
         [
            4
         ],
         [
            5
         ],
         [
            10,
            6
         ],
         [
            1,
            2
         ]
      ],
      "optimal": true
   },
   "4": {
      "time": 8,
      "objective": 186,
      "distance": 1057,
      "solution": [
         [
            8
         ],
         [
            1
         ],
         [
            6
         ],
         [
            4
         ],
         [
            5
         ],
         [
            2
         ],
         [
            3,
            10
         ],
         [
            9,
            7
         ]
      ],
      "optimal": true
   }
}